Class Name,dept name,dept number,Class Section,First name,Last Name,Job Title,Quarter,Year
Accounting,NYSE,326,S,Carmelia,Lieb,Help Desk Operator,PT,21
Accounting,NASDAQ,218,3XL,Frances,Cogswell,Professor,BG,21
Accounting,NASDAQ,422,S,Hill,Wakeley,Assistant Manager,CN,20
Accounting,NASDAQ,445,L,Aimil,Lindner,Account Coordinator,HR,21
Accounting,NYSE,198,S,Sharity,Croker,Data Coordiator,ZM,20
Accounting,NASDAQ,413,2XL,Roarke,Brothers,Senior Quality Engineer,ID,20
Accounting,NASDAQ,236,S,Rufe,Titt,Director of Sales,BR,20
Accounting,NYSE,265,2XL,Ruth,Voce,Account Executive,US,20
Accounting,NYSE,392,XS,Bab,Valens-Smith,Programmer III,ID,20
Accounting,NYSE,139,2XL,Sean,Gothard,Chemical Engineer,JP,20
Accounting,NYSE,204,XS,Cathy,Mustill,Health Coach I,JP,20
Accounting,NASDAQ,240,L,Shandie,Stockings,Programmer IV,KR,20
Accounting,NASDAQ,133,M,Hurlee,Henrichs,Software Engineer IV,CN,21
Accounting,NYSE,389,L,Eran,Eastbrook,Software Test Engineer I,UA,21
Accounting,NASDAQ,262,L,Bonnibelle,Stanney,Dental Hygienist,PH,20
Accounting,NYSE,122,XL,Lucais,Yukhov,Geologist II,FI,21
Accounting,NYSE,433,XL,Aurlie,Dow,Quality Engineer,CN,20
Accounting,NASDAQ,193,2XL,Bab,Postins,Senior Editor,ID,20
Accounting,NASDAQ,233,3XL,Lindy,Adey,Media Manager I,CZ,20
Accounting,NYSE,373,XL,Nelson,Hargreves,Speech Pathologist,PH,20
Accounting,NASDAQ,135,XS,Evangeline,Gettone,Assistant Manager,CN,21
Accounting,NASDAQ,185,XS,Viviana,O'Hern,Paralegal,FR,20
Accounting,NASDAQ,274,XS,Simone,Pizer,Food Chemist,ID,20
Accounting,NASDAQ,297,L,Gil,Lerhinan,Design Engineer,ET,21
Accounting,NYSE,153,2XL,Karoly,Fakes,Community Outreach Specialist,ID,20
Accounting,NYSE,218,XL,Walsh,Vaskin,Senior Cost Accountant,AM,20
Accounting,NYSE,135,2XL,Dominique,Walenta,Operator,ID,21
Accounting,NASDAQ,335,XS,Robby,Bellow,Software Test Engineer III,CZ,21
Accounting,NASDAQ,452,S,Row,Hancill,Software Test Engineer I,ID,21
Accounting,NYSE,227,XL,Wernher,Smullin,Software Test Engineer I,GT,20
Accounting,NASDAQ,177,XS,Rebekah,Yuryichev,Environmental Tech,ID,21
Accounting,NYSE,230,L,Frazier,Schoenfisch,Senior Financial Analyst,ID,20
Accounting,NASDAQ,380,M,Dav,Spillane,VP Marketing,PH,20
Accounting,NASDAQ,463,M,Delly,Simson,Health Coach IV,RU,20
Accounting,NASDAQ,164,M,Ilise,Traise,Programmer Analyst IV,ML,20
Accounting,NYSE,498,2XL,Ginger,Clayworth,Developer III,VN,20
Accounting,NYSE,347,XS,Humbert,Kupke,Payment Adjustment Coordinator,CN,21
Accounting,NASDAQ,159,XL,Town,Yorath,Director of Sales,AM,21
Accounting,NASDAQ,194,XS,Jeremie,Pedracci,Data Coordiator,ID,21
Accounting,NASDAQ,286,S,Anissa,Cammell,VP Marketing,PL,21
Accounting,NYSE,419,3XL,Quinta,Bachmann,Speech Pathologist,CN,20
Accounting,NASDAQ,174,XL,Adolf,Briscoe,Payment Adjustment Coordinator,RU,20
Accounting,NYSE,177,XS,Odo,Larmouth,Occupational Therapist,CN,21
Accounting,NASDAQ,333,M,Kissie,Velti,Legal Assistant,TH,20
Accounting,NASDAQ,285,3XL,Eula,Seddon,Clinical Specialist,PT,21
Accounting,NASDAQ,376,M,Johnette,Patemore,Nuclear Power Engineer,AR,21
Accounting,NYSE,305,M,Joelly,Grewes,Data Coordiator,CN,20
Accounting,NASDAQ,267,L,Rosalinda,McCroary,Internal Auditor,BR,21
Accounting,NASDAQ,300,M,Claire,Northfield,Marketing Manager,AT,21
Accounting,NYSE,404,3XL,Izaak,Haughan,Account Executive,PT,21
Accounting,NYSE,140,3XL,Denys,Lindermann,Speech Pathologist,SO,21
Accounting,NYSE,487,L,Carey,McCosh,Dental Hygienist,MG,20
Accounting,NASDAQ,390,S,Earl,Rozzier,Human Resources Manager,JP,20
Accounting,NYSE,327,S,Babbette,McKew,Data Coordiator,ID,20
Accounting,NYSE,214,L,Amandie,Fullerd,Cost Accountant,BR,21
Accounting,NASDAQ,133,L,Manya,Dover,Office Assistant I,CN,20
Accounting,NYSE,312,2XL,Cleo,Eggleston,Help Desk Technician,PH,21
Accounting,NASDAQ,322,L,Rosella,Veale,Quality Engineer,CN,21
Accounting,NASDAQ,326,S,Farlee,Gwyer,Software Consultant,CN,21
Accounting,NYSE,134,2XL,Rodney,Lampitt,General Manager,FI,21
Accounting,NYSE,109,XL,Pooh,Van Haeften,Mechanical Systems Engineer,NL,21
Accounting,NYSE,168,XS,Ernie,Pollok,Senior Quality Engineer,CZ,21
Accounting,NASDAQ,419,M,L;urette,Biggam,Account Coordinator,CN,20
Accounting,NYSE,127,3XL,Dex,Leighton,Help Desk Operator,FR,20
Accounting,NYSE,232,3XL,Yule,Toffetto,Administrative Assistant III,BG,20
Accounting,NYSE,473,S,Brooks,Keyes,Analyst Programmer,MY,20
Accounting,NASDAQ,362,2XL,Meggi,Silbert,Payment Adjustment Coordinator,ID,20
Accounting,NYSE,264,XS,Alyda,Brookfield,Help Desk Technician,BG,21
Accounting,NASDAQ,163,XS,Myrtice,Bows,Chief Design Engineer,ID,21
Accounting,NASDAQ,295,XL,Felicia,Froude,Engineer III,CM,21
Accounting,NASDAQ,328,L,Bondie,Hailston,Paralegal,RU,20
Accounting,NASDAQ,235,XL,Idelle,Punyer,Actuary,CG,21
Accounting,NYSE,241,L,Carey,Vogt,Nuclear Power Engineer,PA,20
Accounting,NYSE,102,L,Chaddie,Nevitt,Recruiting Manager,CN,20
Accounting,NYSE,387,XS,Osbourn,Beddin,Junior Executive,PT,20
Accounting,NASDAQ,264,2XL,Jaquenette,Wroughton,Analyst Programmer,ID,20
Accounting,NASDAQ,103,XS,Debbi,Rennocks,Accounting Assistant II,AM,20
Accounting,NYSE,420,L,Birdie,Tyrer,GIS Technical Architect,XK,20
Accounting,NYSE,140,XS,Cecilla,Ludye,Programmer IV,JP,21
Accounting,NYSE,447,XS,Bell,Godley,Food Chemist,PT,20
Accounting,NASDAQ,236,L,Vin,Dollard,Research Nurse,US,21
Accounting,NASDAQ,427,XS,Bree,Killcross,Programmer Analyst III,PH,20
Business Development,NASDAQ,204,L,Emile,Goburn,Social Worker,BY,20
Business Development,NYSE,275,M,Merissa,Belchem,Senior Financial Analyst,CN,20
Business Development,NYSE,486,3XL,Owen,Gerssam,Human Resources Assistant II,CA,21
Business Development,NASDAQ,234,XL,Borden,Blase,Computer Systems Analyst III,SE,21
Business Development,NYSE,252,XS,Kristyn,Yellop,Administrative Assistant III,US,20
Business Development,NYSE,358,3XL,Valeda,Barnewille,Sales Representative,CN,21
Business Development,NASDAQ,399,3XL,Julia,Ambroisin,Structural Analysis Engineer,VE,20
Business Development,NASDAQ,202,2XL,Costanza,Poletto,Tax Accountant,FR,21
Business Development,NASDAQ,183,L,Rafe,Casero,Developer III,RS,20
Business Development,NYSE,413,XL,Somerset,Wahncke,Marketing Manager,JM,20
Business Development,NYSE,438,XS,Em,Lifton,Chemical Engineer,CN,21
Business Development,NASDAQ,230,M,Kelcy,Keveren,Geologist IV,MX,20
Business Development,NYSE,467,M,Liam,Tutt,Occupational Therapist,ID,20
Business Development,NYSE,397,S,Edik,Vasilchikov,Staff Accountant IV,UG,21
Business Development,NYSE,165,2XL,Wendye,Widocks,Developer IV,CI,21
Business Development,NASDAQ,254,2XL,Mill,Arton,Marketing Assistant,PH,21
Business Development,NASDAQ,338,2XL,Derek,Lanfere,Accounting Assistant III,PT,20
Business Development,NASDAQ,196,S,Urbain,Krysztofiak,Senior Quality Engineer,PT,20
Business Development,NASDAQ,451,3XL,Jarvis,Finnie,Marketing Assistant,CN,20
Business Development,NYSE,482,L,Rogerio,Corsor,Biostatistician II,AR,20
Business Development,NASDAQ,454,2XL,Weston,Fullbrook,Financial Analyst,CN,21
Business Development,NASDAQ,368,XL,Muhammad,Vitet,Operator,AZ,20
Business Development,NASDAQ,384,XS,Donielle,Manclark,Recruiter,CN,21
Business Development,NYSE,372,XS,Aggy,Romans,Systems Administrator IV,ID,21
Business Development,NASDAQ,125,XL,Lissie,Josipovic,Speech Pathologist,BF,21
Business Development,NASDAQ,234,L,Lorry,Marchington,VP Sales,ID,20
Business Development,NASDAQ,167,3XL,Karalynn,Blue,VP Marketing,CN,20
Business Development,NASDAQ,461,S,Conroy,Anten,Electrical Engineer,CN,20
Business Development,NASDAQ,104,XL,Carma,Cuthbertson,Product Engineer,HR,21
Business Development,NYSE,116,S,Town,Lindbergh,Chief Design Engineer,VN,21
Business Development,NYSE,112,XS,Culley,Bullerwell,Staff Accountant III,ID,21
Business Development,NYSE,344,L,Lombard,Weir,Product Engineer,FR,21
Business Development,NASDAQ,354,XL,Edwina,Mayers,Senior Financial Analyst,CN,20
Business Development,NASDAQ,163,2XL,Jermain,Trunby,Cost Accountant,ID,21
Business Development,NYSE,443,XL,Mac,Ganforth,Editor,UA,20
Business Development,NASDAQ,246,XS,Grier,Falkingham,Software Test Engineer III,CN,20
Business Development,NASDAQ,161,L,Lexi,McCord,Editor,RU,20
Business Development,NYSE,178,XS,Judith,Broy,Librarian,PL,21
Business Development,NYSE,254,M,Murial,Kapiloff,Developer IV,ID,20
Business Development,NYSE,245,XL,Josepha,Bullas,Geologist I,CN,21
Business Development,NASDAQ,191,XS,Aldous,Clementel,Engineer IV,ES,21
Business Development,NASDAQ,285,XS,Lucien,Loudon,Engineer IV,CN,21
Business Development,NYSE,413,M,Bing,Reuben,Systems Administrator IV,SE,20
Business Development,NYSE,370,M,Hyacinthie,Kingsford,Media Manager III,AM,20
Business Development,NASDAQ,450,2XL,Packston,Gillford,Clinical Specialist,FR,20
Business Development,NYSE,463,XS,Chris,Tandey,Senior Sales Associate,CN,20
Business Development,NYSE,335,L,Berri,Wolfers,Graphic Designer,RU,21
Business Development,NASDAQ,182,XL,Myles,Kneeshaw,Business Systems Development Analyst,PH,20
Business Development,NYSE,125,3XL,Nanon,Airdrie,Mechanical Systems Engineer,DO,21
Business Development,NASDAQ,147,M,Allina,Mills,Nurse Practicioner,TH,20
Business Development,NASDAQ,207,M,Audre,De Andreis,Marketing Manager,JM,20
Business Development,NYSE,401,L,Vivi,Chellam,Geological Engineer,CZ,20
Business Development,NASDAQ,374,S,Merle,Proven,Database Administrator I,PT,21
Business Development,NYSE,239,M,Aluino,Rayer,Librarian,PL,20
Business Development,NASDAQ,473,3XL,Morgana,Kinglake,Engineer III,RU,20
Business Development,NYSE,433,L,Melodie,Sloegrave,Director of Sales,PT,21
Business Development,NASDAQ,126,3XL,Zahara,Biffin,Chemical Engineer,RS,20
Business Development,NYSE,155,S,Darb,Mayze,Software Test Engineer I,AR,20
Business Development,NASDAQ,386,M,Yul,Corton,Nuclear Power Engineer,PT,21
Business Development,NYSE,187,XS,Emiline,Jaggs,Pharmacist,CN,20
Business Development,NASDAQ,193,XL,Darelle,Wateridge,Senior Sales Associate,KZ,21
Business Development,NYSE,252,3XL,Elvina,Jeckells,Marketing Assistant,ID,20
Business Development,NASDAQ,174,L,Brandy,Iacovone,Senior Financial Analyst,CU,20
Business Development,NASDAQ,346,3XL,Cate,de Amaya,Programmer IV,RU,21
Business Development,NASDAQ,166,M,Sylvan,Mouncey,Marketing Manager,NG,20
Business Development,NYSE,335,3XL,Michelle,Alwin,Human Resources Manager,CN,20
Business Development,NYSE,443,3XL,Alex,Borrill,Quality Engineer,BJ,21
Business Development,NASDAQ,440,L,Joellyn,De Luna,Compensation Analyst,CN,21
Business Development,NYSE,429,XS,Bevvy,Orae,Programmer Analyst I,RU,21
Business Development,NYSE,357,S,Lavena,Chesnay,Professor,PH,20
Business Development,NYSE,393,2XL,Dolorita,Treweek,Operator,US,21
Business Development,NYSE,450,3XL,Catherina,Carpenter,Accounting Assistant I,PK,21
Business Development,NYSE,121,XS,Lela,Butt Gow,Marketing Manager,ID,20
Business Development,NASDAQ,286,XL,Cynthy,Ockenden,Account Executive,PL,20
Business Development,NASDAQ,463,2XL,Christin,Striker,Senior Developer,FR,20
Business Development,NASDAQ,155,S,Vania,Rabb,Marketing Assistant,MN,20
Business Development,NASDAQ,471,3XL,Bellanca,Nobbs,Quality Engineer,PT,21
Business Development,NYSE,439,S,Abbe,McMeeking,Account Executive,CZ,21
Business Development,NYSE,401,XL,Chas,Dulson,Senior Cost Accountant,ID,21
Business Development,NYSE,157,S,Flossy,Josifovic,Electrical Engineer,MX,20
Business Development,NASDAQ,430,2XL,Wallache,Hoggetts,Systems Administrator II,DO,21
Engineering,NASDAQ,410,XS,Shannon,Metterick,Account Representative I,CA,21
Engineering,NYSE,147,L,Brittan,Mapston,Information Systems Manager,ID,20
Engineering,NYSE,311,3XL,Desi,Sibbald,Sales Representative,DK,20
Engineering,NYSE,340,3XL,Billie,Olley,Environmental Specialist,NR,21
Engineering,NASDAQ,262,2XL,Caresa,Cornforth,Project Manager,MU,21
Engineering,NASDAQ,470,S,Lyndel,Gladdor,VP Quality Control,FR,21
Engineering,NASDAQ,162,S,Pavia,Olerenshaw,Financial Advisor,CN,21
Engineering,NASDAQ,347,S,Therese,Mort,Nuclear Power Engineer,KH,21
Engineering,NASDAQ,194,M,Aurelie,Spring,VP Product Management,PE,20
Engineering,NYSE,408,XS,Jessica,Curmi,Desktop Support Technician,AR,21
Engineering,NYSE,392,M,Camilla,Beenham,Technical Writer,PH,21
Engineering,NASDAQ,253,L,Wyn,Donnell,Recruiter,BR,20
Engineering,NASDAQ,264,M,Aggie,Stubbert,General Manager,BR,20
Engineering,NASDAQ,295,S,Emmy,Jurick,Social Worker,BR,20
Engineering,NASDAQ,148,XL,Zechariah,Klammt,Assistant Manager,PL,21
Engineering,NYSE,177,XL,Rahal,Plante,Senior Quality Engineer,TM,21
Engineering,NYSE,349,M,Kassey,Danzelman,Desktop Support Technician,SE,20
Engineering,NYSE,369,L,Cybill,Hamshere,Assistant Manager,AL,21
Engineering,NASDAQ,328,XS,Rutledge,Braithwaite,Environmental Specialist,PH,21
Engineering,NASDAQ,180,XL,Maribeth,Seakings,Dental Hygienist,MX,20
Engineering,NYSE,323,3XL,Heall,Atwell,Environmental Tech,AR,21
Engineering,NYSE,420,M,Teddy,Hurche,VP Accounting,FR,21
Engineering,NYSE,399,L,Noell,Bolton,Teacher,YE,21
Engineering,NASDAQ,217,XS,Konstance,Ponton,VP Marketing,RU,20
Engineering,NASDAQ,363,L,Timotheus,Mulran,Administrative Assistant I,PH,20
Engineering,NASDAQ,258,S,Nilson,Rowcastle,Marketing Assistant,CO,21
Engineering,NYSE,356,M,Tandy,Valero,Professor,CN,21
Engineering,NYSE,477,2XL,Carly,Jurca,Social Worker,AR,21
Engineering,NASDAQ,346,XL,Wilton,Garlee,Tax Accountant,RU,20
Engineering,NASDAQ,359,XS,Vladamir,Anster,Assistant Professor,CN,20
Engineering,NASDAQ,231,XS,Marietta,Molyneaux,Data Coordiator,UA,20
Engineering,NASDAQ,209,XS,Woodman,Dillinger,Design Engineer,MG,20
Engineering,NYSE,128,XS,Emmey,MacKee,Librarian,US,21
Engineering,NYSE,244,2XL,Jourdain,Ludl,Health Coach IV,PL,21
Engineering,NASDAQ,240,L,Violante,MacCrachen,Analog Circuit Design manager,AL,21
Engineering,NASDAQ,189,3XL,Jaye,Epton,Registered Nurse,ID,21
Engineering,NASDAQ,450,2XL,Jaquith,Kenforth,Administrative Assistant II,PH,20
Engineering,NASDAQ,410,3XL,Catha,Bolver,Office Assistant I,FI,21
Engineering,NYSE,170,XL,Huberto,Gaylard,VP Quality Control,CU,21
Engineering,NYSE,301,L,Celka,Von Helmholtz,Research Assistant IV,BR,21
Engineering,NASDAQ,122,S,Tobit,Genty,Information Systems Manager,MX,20
Engineering,NYSE,430,S,Mallorie,Riches,Financial Advisor,CU,20
Engineering,NASDAQ,110,2XL,Rhona,Dyne,Internal Auditor,ID,20
Engineering,NASDAQ,186,XL,Joycelin,Nel,VP Product Management,KR,20
Engineering,NYSE,454,L,Skipp,Curnokk,Desktop Support Technician,ID,21
Engineering,NYSE,289,S,Davide,Poulsum,Data Coordiator,CN,21
Engineering,NYSE,241,S,Kennan,Hise,Human Resources Assistant II,CN,21
Engineering,NASDAQ,420,L,Queenie,Collinson,Information Systems Manager,US,21
Engineering,NYSE,380,2XL,Eal,Cruces,VP Quality Control,HR,20
Engineering,NYSE,191,2XL,Michele,Doughill,Programmer Analyst III,PT,21
Engineering,NYSE,131,S,Imojean,Conradsen,Statistician II,PL,21
Engineering,NYSE,140,S,Bailey,Blundel,Office Assistant II,AR,20
Engineering,NYSE,148,M,Gavra,Zoren,Nuclear Power Engineer,AR,20
Engineering,NYSE,497,XS,Chalmers,Jeandin,Quality Engineer,PH,21
Engineering,NYSE,122,3XL,Ethelin,Plummer,Staff Accountant II,PE,21
Engineering,NYSE,136,2XL,Evin,O'Gaven,Editor,CN,21
Engineering,NASDAQ,455,S,Darb,Lomaz,Geological Engineer,MW,20
Engineering,NASDAQ,284,M,Maressa,McFadyen,Product Engineer,GB,21
Engineering,NYSE,438,M,Marsh,Godlip,Software Test Engineer IV,CZ,21
Engineering,NYSE,350,2XL,Antons,Bunker,Analog Circuit Design manager,CY,20
Engineering,NASDAQ,303,S,Giovanna,Capon,Account Coordinator,LT,20
Engineering,NYSE,430,S,Oliy,Colebourn,Financial Analyst,TH,20
Engineering,NYSE,256,2XL,Chris,Jorck,Research Associate,CO,21
Engineering,NASDAQ,234,L,Cordula,Hentzeler,Chemical Engineer,CN,21
Engineering,NASDAQ,414,L,Dulcinea,Bonett,Programmer Analyst II,CN,21
Engineering,NYSE,483,XS,Cornall,Lickess,GIS Technical Architect,NG,21
Engineering,NASDAQ,310,L,Mart,Freiberg,Recruiting Manager,MX,20
Engineering,NASDAQ,130,2XL,Morie,Simmgen,Help Desk Operator,CH,21
Engineering,NYSE,317,XS,Jerrie,Danilin,Occupational Therapist,SE,20
Engineering,NASDAQ,181,L,Drew,Olivas,Office Assistant I,NG,20
Engineering,NASDAQ,146,XS,Dag,Flanders,Health Coach III,GB,20
Engineering,NASDAQ,458,2XL,Torrie,Casol,Teacher,CN,20
Engineering,NASDAQ,136,S,Malva,Szach,GIS Technical Architect,CN,21
Engineering,NYSE,494,M,Melamie,Arnal,Account Executive,CN,21
Engineering,NASDAQ,276,L,Hedi,Edens,Assistant Media Planner,JP,21
Engineering,NYSE,469,L,Etan,Adolphine,Financial Analyst,RU,20
Engineering,NASDAQ,427,S,Arman,Pyrah,Biostatistician IV,ID,21
Human Resources,NASDAQ,455,2XL,Carina,Sturm,Administrative Officer,JP,20
Human Resources,NASDAQ,324,XL,Felicity,Allsupp,Civil Engineer,LU,20
Human Resources,NASDAQ,427,L,Vick,Dobrovolny,Marketing Manager,PH,20
Human Resources,NYSE,310,L,Abbie,Colenutt,Programmer Analyst IV,PH,21
Human Resources,NYSE,132,L,Joelynn,Reneke,Nuclear Power Engineer,JP,21
Human Resources,NASDAQ,377,2XL,Darbee,Goggen,Physical Therapy Assistant,PT,21
Human Resources,NASDAQ,351,M,Lorenza,Ormonde,Geological Engineer,CN,20
Human Resources,NASDAQ,195,S,Devina,Birkmyr,Actuary,CN,20
Human Resources,NYSE,135,L,Alexina,Cheal,Senior Sales Associate,PH,20
Human Resources,NASDAQ,397,M,Mirella,Rowsel,Human Resources Manager,GA,21
Human Resources,NASDAQ,404,M,Robinia,Sommerfeld,Professor,FR,21
Human Resources,NYSE,500,M,Elene,Baseggio,Account Representative IV,CN,20
Human Resources,NYSE,183,XS,Wilbur,M'Barron,Project Manager,CN,21
Human Resources,NYSE,259,S,Carmita,Cropp,Engineer II,CO,20
Human Resources,NYSE,129,M,Alejoa,Tollerfield,Software Consultant,ID,21
Human Resources,NASDAQ,396,3XL,Anica,Lippett,Operator,YE,21
Human Resources,NYSE,416,L,Norton,Jeram,Media Manager I,PE,21
Human Resources,NASDAQ,279,XL,Kizzie,Archley,Senior Quality Engineer,ID,20
Human Resources,NASDAQ,470,XS,Venus,Bowne,Human Resources Manager,SE,20
Human Resources,NYSE,336,XL,Giacinta,Lyttle,Structural Analysis Engineer,ID,20
Human Resources,NASDAQ,125,3XL,Gleda,Simester,Executive Secretary,ID,20
Human Resources,NYSE,188,S,Noah,Pentecost,Social Worker,PK,20
Human Resources,NASDAQ,240,2XL,Pietrek,Crowcombe,Senior Quality Engineer,UA,20
Human Resources,NASDAQ,468,XL,Claudius,Nemchinov,Librarian,NO,21
Human Resources,NYSE,209,3XL,Ginnie,Farloe,Recruiting Manager,CN,21
Human Resources,NASDAQ,194,2XL,Estrella,Croote,Desktop Support Technician,IL,20
Human Resources,NASDAQ,466,L,Sal,Poytheras,Chief Design Engineer,CZ,20
Human Resources,NYSE,247,2XL,Brett,Aspin,Design Engineer,CZ,20
Human Resources,NYSE,298,S,Jane,Seed,Business Systems Development Analyst,MY,20
Human Resources,NASDAQ,187,S,Sharla,Sinney,Help Desk Operator,PH,21
Human Resources,NYSE,406,L,Lesli,Behn,VP Marketing,BR,21
Human Resources,NYSE,395,XS,Yorker,Abate,Internal Auditor,VN,21
Human Resources,NASDAQ,347,XL,Luca,Housecroft,Marketing Manager,AU,21
Human Resources,NYSE,301,XL,Bondy,Felgate,Business Systems Development Analyst,PH,20
Human Resources,NYSE,489,L,Marilee,Warnes,Systems Administrator IV,AF,20
Human Resources,NASDAQ,314,2XL,Emma,Vose,Tax Accountant,DO,20
Human Resources,NYSE,300,2XL,Cesya,Terbruggen,Clinical Specialist,NO,20
Human Resources,NYSE,267,M,Fayth,Lynch,Accounting Assistant III,RU,21
Human Resources,NASDAQ,278,S,Oby,Rothera,Paralegal,CN,21
Human Resources,NYSE,273,XS,Caty,Challicombe,Accounting Assistant III,PE,20
Human Resources,NASDAQ,143,XL,Carmel,Eastway,VP Sales,PH,20
Human Resources,NYSE,362,2XL,Dyna,Sothern,Help Desk Technician,PL,21
Human Resources,NASDAQ,240,M,Kathy,Wewell,Geologist I,FR,20
Human Resources,NASDAQ,397,L,Nero,Wade,Statistician IV,BR,21
Human Resources,NYSE,432,2XL,Atlante,Oliphard,Technical Writer,PT,20
Human Resources,NYSE,248,S,Odell,Landall,Quality Engineer,SE,21
Human Resources,NYSE,345,XS,Inglis,Ibbeson,Paralegal,CN,20
Human Resources,NYSE,413,S,Loren,Meah,Senior Quality Engineer,PL,21
Human Resources,NASDAQ,284,M,Erhard,Peealess,Systems Administrator III,RU,21
Human Resources,NASDAQ,215,M,Averell,Rymour,Registered Nurse,CN,21
Human Resources,NASDAQ,351,L,Mirelle,Wreak,GIS Technical Architect,CN,21
Human Resources,NYSE,177,XS,Demetria,Neubigging,Research Nurse,CN,21
Human Resources,NASDAQ,269,XL,Pammi,Browett,Assistant Manager,ID,21
Human Resources,NYSE,253,S,Tamas,Buggs,Software Engineer I,PL,20
Human Resources,NYSE,301,XL,Christos,Done,Recruiter,US,20
Human Resources,NASDAQ,349,S,Annemarie,Payton,Internal Auditor,BR,20
Human Resources,NYSE,314,3XL,Siffre,Pagelsen,VP Sales,CZ,20
Human Resources,NYSE,105,3XL,Tobi,Pote,Operator,BR,20
Human Resources,NASDAQ,240,XS,Lenora,Stares,Analyst Programmer,TH,21
Human Resources,NYSE,398,2XL,Maddy,De Lorenzo,VP Product Management,US,21
Human Resources,NASDAQ,379,XL,Ferne,Cornejo,Senior Cost Accountant,PS,20
Human Resources,NYSE,321,M,Coriss,Tersay,Engineer IV,CN,21
Human Resources,NYSE,127,S,Fabian,Milkins,Data Coordiator,CD,21
Human Resources,NASDAQ,292,XS,Sile,Prigmore,Assistant Professor,RU,21
Human Resources,NYSE,343,L,Rani,Bezley,Geologist III,CA,21
Human Resources,NASDAQ,435,S,Minny,Fidler,Developer I,BR,20
Human Resources,NASDAQ,472,L,Anna-diane,Webb,Teacher,ZM,20
Human Resources,NASDAQ,113,L,Brendon,Dilland,Pharmacist,FI,20
Human Resources,NYSE,101,M,Jerrylee,Langmuir,Recruiter,ID,21
Human Resources,NYSE,415,M,Kurt,Sickamore,Staff Scientist,FR,20
Human Resources,NYSE,125,M,Berenice,Gooders,Actuary,CN,21
Human Resources,NYSE,258,3XL,Petronilla,Mauvin,Business Systems Development Analyst,GN,21
Human Resources,NYSE,249,XS,Florenza,McOwan,Analog Circuit Design manager,ID,21
Human Resources,NASDAQ,419,2XL,Winnah,Spittall,Systems Administrator I,PS,21
Human Resources,NASDAQ,120,2XL,Selby,Taylot,Chief Design Engineer,CN,20
Human Resources,NASDAQ,308,XS,Hashim,Huard,VP Marketing,BR,20
Human Resources,NYSE,390,XL,Ingelbert,Fanning,Environmental Tech,CU,20
Human Resources,NYSE,137,XL,Hiram,Gilardengo,Environmental Specialist,US,21
Human Resources,NYSE,186,2XL,Wynne,Abrahamsohn,VP Sales,BY,21
Human Resources,NYSE,255,M,Jasmina,Haining,Professor,BR,21
Human Resources,NASDAQ,249,S,Aldous,Kelsall,Human Resources Manager,VN,21
Human Resources,NASDAQ,162,L,Rhys,Skevington,Human Resources Assistant III,CN,21
Legal,NYSE,203,2XL,Hube,Tredwell,Social Worker,AR,21
Legal,NASDAQ,393,XL,Marisa,Gatherell,Marketing Assistant,HN,21
Legal,NYSE,471,2XL,Karita,Handover,Cost Accountant,CN,20
Legal,NYSE,199,S,Rebekkah,Pound,Clinical Specialist,FR,21
Legal,NASDAQ,215,XS,Robina,Kelshaw,Account Executive,GR,21
Legal,NYSE,407,XS,Carri,Clowsley,Director of Sales,ID,20
Legal,NASDAQ,264,XS,Jaquenette,Hatz,Marketing Manager,ID,21
Legal,NASDAQ,210,3XL,Noellyn,Willder,Staff Accountant I,CN,20
Legal,NASDAQ,386,3XL,Haleigh,McGookin,Product Engineer,MN,21
Legal,NASDAQ,401,3XL,Griffith,Dashkov,Software Consultant,US,20
Legal,NYSE,401,3XL,Loleta,Duckham,Compensation Analyst,SA,21
Legal,NYSE,387,2XL,Ericka,Laetham,Health Coach IV,PT,20
Legal,NYSE,239,L,Burty,McGloin,Dental Hygienist,RU,20
Legal,NYSE,385,3XL,Perla,Boyson,Product Engineer,ID,21
Legal,NASDAQ,458,XL,Buddy,Rawll,Nurse Practicioner,RU,21
Legal,NYSE,311,S,Celestyna,Krzyzaniak,Marketing Assistant,PH,20
Legal,NASDAQ,462,2XL,Constantina,Surmeyer,Software Engineer I,RU,20
Legal,NASDAQ,151,XL,Rodi,Haibel,Project Manager,CN,21
Legal,NYSE,181,M,Levon,Moulder,Sales Representative,CN,20
Legal,NYSE,138,XL,Angelique,Skillings,Structural Engineer,MY,20
Legal,NYSE,231,XS,Miguelita,Kirwan,Geologist I,BR,20
Legal,NASDAQ,386,XL,Vlad,Pottie,Engineer II,PH,20
Legal,NYSE,468,2XL,Lenore,Dradey,Quality Engineer,BR,20
Legal,NYSE,277,3XL,Homerus,Powelee,VP Product Management,SI,21
Legal,NASDAQ,213,M,Kalindi,Norkett,Geological Engineer,BR,20
Legal,NASDAQ,166,L,Amii,Charkham,Paralegal,AL,21
Legal,NYSE,290,2XL,Nicole,Kensall,Sales Representative,PE,20
Legal,NASDAQ,289,L,Hermann,Greathead,VP Product Management,CN,20
Legal,NASDAQ,369,XL,Wat,Matussevich,Staff Accountant III,PL,21
Legal,NYSE,237,3XL,Virgie,Monteith,Account Executive,RU,20
Legal,NASDAQ,268,S,Sharyl,Kimber,Web Developer II,ID,21
Legal,NYSE,208,L,Arlina,Peacey,Marketing Manager,EE,21
Legal,NYSE,458,2XL,Shandeigh,Nevinson,Assistant Media Planner,KM,21
Legal,NYSE,308,XS,Sayers,Racine,Cost Accountant,AL,21
Legal,NYSE,270,2XL,Hartley,Rudolf,Project Manager,FR,20
Legal,NYSE,399,S,Crysta,Colmore,Dental Hygienist,ID,20
Legal,NASDAQ,400,XS,Marian,Cypler,Health Coach III,IQ,20
Legal,NYSE,117,M,Weylin,Grey,Programmer Analyst I,AR,20
Legal,NASDAQ,483,2XL,Abey,Yellowlea,Design Engineer,UA,20
Legal,NASDAQ,200,M,Smith,Branford,Actuary,BY,20
Legal,NASDAQ,402,M,Bill,MacDermott,Structural Analysis Engineer,CA,20
Legal,NYSE,423,L,Rock,Shawyer,Administrative Assistant IV,RU,21
Legal,NYSE,364,XL,Sauveur,Bronot,Senior Editor,PT,20
Legal,NASDAQ,458,S,Rudy,Gabitis,Staff Accountant IV,RU,21
Legal,NYSE,280,S,Yolande,Naden,Accountant IV,IQ,20
Legal,NASDAQ,223,S,Vanny,Bulstrode,Cost Accountant,ID,20
Legal,NASDAQ,386,3XL,Loleta,Paulig,Programmer Analyst II,PT,21
Legal,NASDAQ,396,3XL,Arliene,Muzzillo,Dental Hygienist,MM,20
Legal,NYSE,371,XS,Julian,Grimme,Junior Executive,BR,20
Legal,NYSE,264,XL,Kayley,Maciunas,Registered Nurse,FR,20
Legal,NYSE,252,S,Camellia,Casterou,Staff Scientist,VN,20
Legal,NASDAQ,116,L,Hermy,Mayler,Administrative Officer,RU,20
Legal,NYSE,256,S,Berny,Monteath,Quality Control Specialist,BR,21
Legal,NYSE,398,M,Antons,Desvignes,Engineer IV,RU,20
Legal,NYSE,407,XS,Laurene,Arro,Physical Therapy Assistant,RU,21
Legal,NYSE,329,2XL,Carlos,Summerly,Sales Associate,BR,21
Legal,NYSE,123,L,Britta,Reddie,Teacher,PK,20
Legal,NYSE,467,XS,Rollo,Edy,Sales Associate,FR,20
Legal,NASDAQ,338,M,Myrvyn,Cadney,Help Desk Technician,TJ,20
Legal,NYSE,264,L,Cyndie,Colleford,Assistant Media Planner,ID,20
Legal,NYSE,146,L,Fons,Kamall,General Manager,PH,20
Legal,NYSE,414,3XL,Lowell,Audibert,Associate Professor,DO,20
Legal,NYSE,491,M,Brantley,Banton,Financial Analyst,TJ,21
Legal,NYSE,237,L,Marcia,Farryann,Cost Accountant,CZ,20
Legal,NASDAQ,205,L,Mikael,Tomasicchio,Speech Pathologist,PL,20
Legal,NYSE,121,M,Vic,Engley,Clinical Specialist,VE,20
Legal,NASDAQ,318,L,Ellissa,Yetts,Product Engineer,ER,21
Legal,NASDAQ,297,XS,Jerri,Langran,Chemical Engineer,ID,21
Legal,NASDAQ,125,2XL,Penelopa,Mully,Analog Circuit Design manager,CN,21
Legal,NASDAQ,328,2XL,Port,Lemm,Structural Analysis Engineer,JP,20
Legal,NASDAQ,320,XL,Eimile,Cassell,Structural Analysis Engineer,PH,20
Legal,NYSE,333,L,Stephannie,Ostridge,Senior Developer,ZA,21
Legal,NASDAQ,349,3XL,Brigid,Stansbie,Sales Associate,RU,21
Legal,NASDAQ,434,L,Mord,Watkinson,Senior Cost Accountant,BY,21
Legal,NASDAQ,248,3XL,Maris,Telling,Cost Accountant,MG,21
Legal,NASDAQ,487,3XL,Sheppard,Capstaff,Actuary,BR,20
Legal,NASDAQ,439,XS,Latrina,Orleton,Assistant Media Planner,GE,20
Legal,NYSE,172,M,Friederike,Pozzi,Research Assistant I,UA,21
Legal,NYSE,191,XS,Solly,Nolda,Executive Secretary,RU,20
Legal,NYSE,131,M,Auberon,Galton,Computer Systems Analyst I,GR,20
Legal,NYSE,138,M,Zara,Hilling,Human Resources Manager,PH,20
Legal,NYSE,203,M,Jenn,Cholmondeley,Technical Writer,PT,20
Legal,NYSE,361,XS,Edita,Glasson,Budget/Accounting Analyst II,BR,21
Legal,NYSE,148,S,Sena,Blackhurst,Librarian,CN,21
Legal,NYSE,293,M,Madelon,McVanamy,Systems Administrator II,CN,20
Legal,NASDAQ,453,XS,Emiline,Ayree,Payment Adjustment Coordinator,PT,21
Legal,NASDAQ,134,S,Der,Sporton,Marketing Assistant,CN,21
Legal,NASDAQ,129,S,Faustina,Jell,Sales Associate,CN,21
Marketing,NYSE,457,3XL,Bernadine,Edis,Legal Assistant,MX,20
Marketing,NYSE,401,3XL,Gayla,Fyers,Staff Accountant I,ZA,20
Marketing,NYSE,373,XS,Sapphire,Zamorano,Health Coach III,US,21
Marketing,NYSE,474,M,Davis,Rollin,Civil Engineer,BO,20
Marketing,NASDAQ,432,M,Harlan,Bills,Database Administrator I,CZ,20
Marketing,NYSE,216,XS,Stepha,Capstake,Editor,ID,20
Marketing,NASDAQ,279,3XL,Cristiano,Hodgon,Programmer II,PT,20
Marketing,NASDAQ,418,M,Basilius,Yakubovich,Help Desk Operator,UG,21
Marketing,NASDAQ,309,S,Kinny,Rackley,Speech Pathologist,MY,21
Marketing,NYSE,498,XS,Georgina,M'Barron,Quality Control Specialist,AR,21
Marketing,NYSE,474,XS,Ginnifer,Georg,Chemical Engineer,RS,20
Marketing,NASDAQ,353,XL,Tobye,Horbath,Staff Accountant I,SE,20
Marketing,NASDAQ,146,L,Phillip,Probbings,Senior Sales Associate,BR,21
Marketing,NASDAQ,415,L,Kalinda,Kinane,Compensation Analyst,FR,21
Marketing,NYSE,173,3XL,Roxanna,Brookesbie,Desktop Support Technician,PH,20
Marketing,NYSE,340,XL,Stephie,Slevin,Chemical Engineer,ID,20
Marketing,NASDAQ,406,XS,Feliza,Jakoub,Help Desk Operator,ID,21
Marketing,NASDAQ,171,3XL,Inez,Greenroa,Associate Professor,PE,20
Marketing,NASDAQ,481,M,Marice,Strapp,Marketing Assistant,FR,21
Marketing,NYSE,120,M,Daune,Spir,Director of Sales,CZ,20
Marketing,NYSE,358,M,Maurits,Englefield,Administrative Officer,CN,21
Marketing,NASDAQ,195,L,Gretta,Simmen,Staff Accountant II,PE,21
Marketing,NASDAQ,141,M,Lenette,Rowlstone,Electrical Engineer,FR,20
Marketing,NYSE,383,M,Vania,Demangel,Administrative Assistant IV,CN,20
Marketing,NYSE,177,XS,Krystal,Tomkins,Accounting Assistant II,ID,21
Marketing,NASDAQ,489,S,Olva,Kersting,Editor,GR,21
Marketing,NYSE,416,S,Humbert,Bubeer,Staff Accountant II,MU,20
Marketing,NYSE,150,M,Alexio,Murcott,Paralegal,PH,20
Marketing,NASDAQ,296,XS,Ferrell,Curness,Clinical Specialist,CN,21
Marketing,NASDAQ,499,XS,Gauthier,Whitmell,Product Engineer,ID,20
Marketing,NASDAQ,357,XL,Erv,Grishunin,VP Marketing,CN,21
Marketing,NASDAQ,300,2XL,Dore,Brandacci,Senior Cost Accountant,PT,20
Marketing,NASDAQ,130,XL,Rafe,Giacobo,Account Representative III,AL,21
Marketing,NASDAQ,209,3XL,Maison,Nutton,Help Desk Technician,BR,21
Marketing,NASDAQ,384,XL,Drona,Leaf,Software Test Engineer III,ID,21
Marketing,NASDAQ,229,2XL,Travus,Rawlingson,Help Desk Technician,CN,20
Marketing,NASDAQ,286,XS,Richie,Summerscales,Structural Analysis Engineer,IR,21
Marketing,NYSE,500,2XL,Janos,Dalman,Technical Writer,CN,21
Marketing,NYSE,254,S,Harley,Halden,Senior Quality Engineer,UA,20
Marketing,NASDAQ,148,M,Errol,Nand,Human Resources Manager,ID,21
Marketing,NYSE,368,XS,Joe,Benito,Help Desk Technician,PT,21
Marketing,NASDAQ,107,3XL,Gregoor,Mcall,Chief Design Engineer,MK,20
Marketing,NYSE,244,XS,Clarence,Dreghorn,Product Engineer,GR,20
Marketing,NYSE,297,XL,Lillis,Goncalo,Nuclear Power Engineer,FI,21
Marketing,NYSE,468,S,Wenonah,Grammer,Software Consultant,NL,21
Marketing,NYSE,481,3XL,Kathrine,Martinek,Web Developer III,PT,20
Marketing,NYSE,491,S,Rozalin,Anthony,Staff Accountant II,ID,21
Marketing,NASDAQ,363,S,Birgitta,Hugnin,Automation Specialist II,AM,20
Marketing,NYSE,177,3XL,Jenifer,Cotsford,Financial Analyst,CN,21
Marketing,NASDAQ,392,2XL,Monah,Gurry,Biostatistician III,CO,21
Marketing,NASDAQ,201,XL,Fidelity,Girone,Operator,CN,21
Marketing,NYSE,450,2XL,Honoria,Gogie,Community Outreach Specialist,JM,20
Marketing,NASDAQ,304,XS,Tobias,Britch,Software Test Engineer II,AR,20
Marketing,NYSE,177,XL,Krishna,Krochmann,Actuary,CZ,21
Marketing,NYSE,125,S,Helsa,Sinkinson,Assistant Media Planner,PH,21
Marketing,NYSE,496,2XL,Tobey,Ramas,Social Worker,CN,21
Marketing,NYSE,326,XL,Lavina,Renvoys,Editor,CN,21
Marketing,NASDAQ,206,L,Benedikta,Inkle,Recruiting Manager,PT,21
Marketing,NYSE,287,XS,Consuela,Carney,Social Worker,CN,21
Marketing,NYSE,147,XL,Horace,Harriman,Sales Associate,ID,20
Marketing,NASDAQ,426,L,Andie,Gellier,VP Quality Control,ID,20
Marketing,NYSE,121,S,Nessy,Labell,Marketing Manager,FR,20
Marketing,NYSE,364,3XL,Cassondra,Cogdon,Teacher,ID,21
Marketing,NASDAQ,235,L,Roosevelt,Linforth,Editor,PL,20
Marketing,NASDAQ,229,3XL,Jule,Dregan,Structural Analysis Engineer,BO,21
Marketing,NYSE,450,2XL,Craggy,Arnet,Research Nurse,ID,20
Marketing,NASDAQ,240,2XL,Peyter,Speeding,Account Representative IV,PE,20
Marketing,NASDAQ,378,3XL,Fin,Gilhoolie,Civil Engineer,EG,20
Marketing,NASDAQ,377,3XL,Dayle,Shale,Actuary,PH,20
Marketing,NASDAQ,305,XS,Faber,Ruppelin,Compensation Analyst,PT,20
Marketing,NASDAQ,238,S,Cart,Antill,Assistant Professor,SZ,20
Marketing,NYSE,289,2XL,Pippy,Toderini,Design Engineer,GR,20
Marketing,NYSE,115,S,Rozamond,McNeely,Graphic Designer,YE,20
Marketing,NASDAQ,153,XL,Dory,Henricsson,Research Assistant III,ID,20
Marketing,NYSE,223,M,Erina,Vassall,Sales Associate,MX,20
Marketing,NASDAQ,137,XL,Miller,Matkin,Web Developer II,CN,21
Marketing,NASDAQ,257,L,Kora,Fury,Graphic Designer,ID,20
Marketing,NASDAQ,440,XL,Xena,Eakens,Compensation Analyst,CN,21
Marketing,NASDAQ,371,3XL,Peter,Duggan,Programmer Analyst II,BR,20
Marketing,NASDAQ,229,M,Radcliffe,Hauck,Help Desk Operator,EG,20
Marketing,NASDAQ,463,L,Phillip,McGillecole,Administrative Officer,NL,21
Marketing,NYSE,479,3XL,Erinna,Giuroni,Health Coach II,ID,21
Marketing,NYSE,272,M,Lorain,Dabner,Graphic Designer,CN,21
Marketing,NYSE,311,XS,Obadias,Spavins,Engineer III,PH,20
Marketing,NASDAQ,350,3XL,Roselin,Levitt,Account Representative I,NL,21
Marketing,NASDAQ,452,3XL,Alva,Klyn,Computer Systems Analyst III,NI,20
Marketing,NASDAQ,196,3XL,Stavros,Ingamells,Budget/Accounting Analyst II,PH,20
Marketing,NASDAQ,413,2XL,Yale,Spinello,Recruiting Manager,GR,20
Marketing,NYSE,429,2XL,Kamillah,D'eathe,Programmer Analyst II,DO,21
Marketing,NASDAQ,475,S,Harli,Buxy,VP Accounting,FI,20
Marketing,NASDAQ,146,2XL,Anson,Ellif,Recruiter,CN,20
Marketing,NASDAQ,448,S,Nevsa,Trever,Marketing Manager,ID,20
Marketing,NASDAQ,427,3XL,Ursula,Werrilow,Research Associate,NG,21
Marketing,NASDAQ,483,3XL,Ami,Dymock,Geological Engineer,PL,21
Product Management,NYSE,323,S,Pris,Shackleton,General Manager,UA,21
Product Management,NYSE,255,3XL,Emilie,Sloey,Payment Adjustment Coordinator,CN,21
Product Management,NASDAQ,271,3XL,Ruben,Goodbar,Recruiting Manager,AM,20
Product Management,NASDAQ,157,S,Phillida,Dimitresco,Registered Nurse,AR,21
Product Management,NASDAQ,405,XS,Ginger,Kyne,Pharmacist,GR,20
Product Management,NYSE,396,M,Star,Attawell,Sales Associate,TM,21
Product Management,NYSE,460,XL,Merry,Foskew,Human Resources Assistant I,SE,21
Product Management,NYSE,382,XS,Nomi,Glavias,Budget/Accounting Analyst II,FR,20
Product Management,NASDAQ,472,2XL,Lauritz,Ronchi,Clinical Specialist,CN,21
Product Management,NASDAQ,218,2XL,Herc,Tunstall,Financial Advisor,CN,21
Product Management,NYSE,193,S,Raviv,Ruspine,Structural Analysis Engineer,ZA,21
Product Management,NASDAQ,401,2XL,Andre,Danne,Mechanical Systems Engineer,UA,20
Product Management,NASDAQ,441,M,Mart,Binnall,Product Engineer,VE,20
Product Management,NASDAQ,137,M,Jayson,Chadd,Software Consultant,IR,21
Product Management,NYSE,466,3XL,Hakim,Payfoot,Database Administrator I,BR,21
Product Management,NYSE,399,3XL,Lynna,Bredbury,Associate Professor,PK,21
Product Management,NASDAQ,406,XL,Roberta,Baynton,Financial Advisor,BG,21
Product Management,NYSE,112,XL,Sheela,Pagden,Design Engineer,SL,21
Product Management,NYSE,365,XL,Karola,Collin,Environmental Tech,CN,20
Product Management,NYSE,255,3XL,Emerson,Pashler,Account Coordinator,RU,20
Product Management,NASDAQ,370,XS,Brade,Joubert,Media Manager I,WS,20
Product Management,NASDAQ,485,2XL,Bink,Happer,Sales Associate,BR,20
Product Management,NASDAQ,243,2XL,Meggy,Brigge,Senior Editor,ET,20
Product Management,NYSE,277,2XL,Donnie,Ricardon,Cost Accountant,PT,20
Product Management,NYSE,140,3XL,Kenny,Gudge,Nuclear Power Engineer,CN,21
Product Management,NYSE,201,XL,Nicolina,Killiam,Recruiting Manager,ID,20
Product Management,NASDAQ,247,2XL,Stepha,Sonier,Legal Assistant,CN,21
Product Management,NASDAQ,259,S,Hobie,Surcombe,Internal Auditor,AM,20
Product Management,NASDAQ,335,3XL,Fabiano,Bunning,Office Assistant IV,CN,21
Product Management,NYSE,195,S,Beverlie,Zanutti,Cost Accountant,ID,21
Product Management,NASDAQ,314,XL,Larisa,Ventris,Programmer I,PH,20
Product Management,NYSE,137,XL,Ede,Sore,Analyst Programmer,CN,21
Product Management,NYSE,222,XS,Marchall,Parnham,Junior Executive,KW,21
Product Management,NYSE,472,XS,Louella,Pudding,Speech Pathologist,SE,21
Product Management,NASDAQ,312,M,Ardenia,Yepiskopov,Pharmacist,ID,20
Product Management,NASDAQ,450,S,Brodie,Grendon,Pharmacist,RU,20
Product Management,NASDAQ,379,3XL,Alikee,Hunnybun,Developer II,CN,21
Product Management,NASDAQ,426,M,Carlen,Quade,Junior Executive,HR,21
Product Management,NASDAQ,372,3XL,Carena,Duffan,Director of Sales,BR,20
Product Management,NYSE,423,M,Chiarra,Enriquez,Administrative Officer,SE,20
Product Management,NASDAQ,115,XL,Rodina,McGinnell,Information Systems Manager,PL,20
Product Management,NYSE,221,M,Olive,Worrill,Nurse Practicioner,PT,21
Product Management,NASDAQ,451,M,Merrel,Vigneron,Cost Accountant,MX,21
Product Management,NYSE,358,S,Karlyn,Rudloff,Help Desk Technician,HN,20
Product Management,NASDAQ,313,XS,Tarrah,Hughman,Office Assistant III,UG,20
Product Management,NYSE,442,L,Lisette,Gwinnell,Help Desk Technician,AZ,20
Product Management,NASDAQ,407,L,Julissa,Felix,Product Engineer,CN,21
Product Management,NASDAQ,384,XS,Yolanthe,Daviddi,Assistant Manager,BR,20
Product Management,NASDAQ,156,XL,Anastassia,Reidie,Nurse,HN,20
Product Management,NASDAQ,134,3XL,Ronny,Rydeard,Software Engineer I,PH,20
Product Management,NASDAQ,129,XL,Myrvyn,Gong,Cost Accountant,CO,20
Product Management,NYSE,473,L,Anabal,Tully,Recruiter,MK,21
Product Management,NYSE,393,XL,Corrine,McBrier,Accounting Assistant III,CM,20
Product Management,NASDAQ,230,XL,Angel,Tarbert,Developer II,PL,21
Product Management,NASDAQ,275,3XL,Annora,Lamas,Staff Scientist,RU,20
Product Management,NYSE,401,2XL,Amil,Baldacco,Nurse,RU,21
Product Management,NASDAQ,288,M,Chance,Tzarkov,Information Systems Manager,PK,21
Product Management,NYSE,228,XL,Barty,Inman,Tax Accountant,VN,21
Product Management,NASDAQ,288,2XL,Rosalinde,Abrahim,Recruiting Manager,NZ,21
Product Management,NYSE,203,XS,Hilliard,Dunmore,Marketing Manager,FR,20
Product Management,NASDAQ,281,XL,Tisha,Gladdifh,VP Marketing,BQ,21
Product Management,NYSE,284,XL,Lissie,Savile,Nurse,ID,20
Product Management,NYSE,394,L,Cory,Kleinbaum,Help Desk Operator,AT,21
Product Management,NYSE,350,XL,Terese,Wildman,Teacher,CN,20
Product Management,NASDAQ,151,L,Teodoor,Shave,Research Assistant I,ID,20
Product Management,NYSE,140,L,Jerrold,Beamont,Editor,ID,21
Product Management,NASDAQ,460,3XL,Artair,Domke,Food Chemist,CN,21
Product Management,NASDAQ,340,S,Amie,Lound,Human Resources Assistant III,RU,21
Product Management,NYSE,476,XL,Joachim,Allett,Developer III,CN,21
Product Management,NYSE,365,M,Noach,Try,Pharmacist,CM,20
Product Management,NYSE,194,3XL,Sheree,Casseldine,Web Developer II,BY,21
Product Management,NYSE,296,L,Irwinn,Reven,Assistant Media Planner,PY,20
Product Management,NASDAQ,224,S,Danell,Strass,Quality Control Specialist,PE,21
Product Management,NASDAQ,364,L,Rosemarie,Lapthorn,Product Engineer,US,20
Product Management,NYSE,320,3XL,Selina,Wilby,Occupational Therapist,CN,21
Product Management,NASDAQ,301,2XL,Wylma,Keese,Junior Executive,PE,20
Product Management,NASDAQ,460,L,Riobard,Hammersley,Web Developer IV,PT,20
Product Management,NASDAQ,190,XS,Susette,Zorzutti,Junior Executive,HN,21
Product Management,NYSE,148,3XL,Libbi,Clayill,Product Engineer,IR,21
Product Management,NYSE,424,XS,Antonie,Finnie,Human Resources Assistant I,CN,21
Product Management,NYSE,438,3XL,Becca,Thorogood,Programmer IV,SA,21
Product Management,NYSE,498,L,Janek,Lewsy,Staff Scientist,UG,20
Product Management,NYSE,477,3XL,Emelia,De Metz,Senior Editor,PT,20
Product Management,NYSE,295,M,Donnell,Rawood,Research Nurse,MX,21
Product Management,NASDAQ,395,XL,Devan,Tolley,Director of Sales,BR,20
Product Management,NYSE,488,XL,Bobbee,Perotti,Junior Executive,SE,20
Product Management,NASDAQ,155,XS,Ethan,Rossi,Operator,PK,20
Product Management,NASDAQ,296,XS,Jake,Clavey,General Manager,TH,21
Product Management,NYSE,412,L,Mikey,Blackaller,Staff Scientist,RU,21
Product Management,NASDAQ,227,L,Britney,Sermin,Administrative Officer,SE,21
Product Management,NYSE,294,S,Rachelle,Bearman,Nurse,MU,21
Product Management,NASDAQ,267,XS,Ariadne,Bernardinelli,Administrative Officer,FR,20
Research and Development,NYSE,500,M,Sylvia,Cootes,GIS Technical Architect,CN,20
Research and Development,NASDAQ,438,XL,Zorah,Mattys,Automation Specialist II,PL,20
Research and Development,NASDAQ,104,L,Hogan,Harbertson,Structural Engineer,FR,20
Research and Development,NYSE,202,S,Gertrud,Pitney,Software Engineer III,RU,20
Research and Development,NASDAQ,153,XL,Zeke,Greene,Sales Associate,CN,21
Research and Development,NASDAQ,183,XS,Alyson,Piscopello,Junior Executive,ID,20
Research and Development,NYSE,195,3XL,Grannie,Hassett,Tax Accountant,SD,20
Research and Development,NASDAQ,257,L,Kalie,Baford,Help Desk Technician,CN,21
Research and Development,NYSE,188,L,Laverna,Heckney,Geological Engineer,BR,21
Research and Development,NYSE,273,XL,Caye,Aronson,Accounting Assistant IV,VE,20
Research and Development,NYSE,472,M,Kerri,Yerrill,Accountant III,ID,20
Research and Development,NYSE,440,XS,Keane,McCreary,Social Worker,PH,20
Research and Development,NYSE,421,XL,Winnie,Santacrole,Senior Sales Associate,TJ,21
Research and Development,NYSE,131,2XL,Brynn,McEvon,Recruiter,RU,20
Research and Development,NYSE,141,M,Shadow,Vater,Senior Financial Analyst,ID,21
Research and Development,NASDAQ,334,3XL,Hadria,O'Flaverty,Human Resources Manager,VN,20
Research and Development,NASDAQ,489,2XL,Tessy,Buxey,Community Outreach Specialist,CZ,21
Research and Development,NYSE,251,L,Caty,Muzzini,Editor,TH,21
Research and Development,NYSE,127,3XL,Kit,Mattiacci,Budget/Accounting Analyst I,BR,21
Research and Development,NASDAQ,360,2XL,Ingamar,Aslie,Senior Sales Associate,CN,21
Research and Development,NASDAQ,329,XL,Linoel,Hinckley,Physical Therapy Assistant,PT,20
Research and Development,NASDAQ,272,3XL,Kimmy,Cartledge,Statistician IV,ID,21
Research and Development,NASDAQ,386,3XL,Pat,Cobley,Financial Advisor,BR,21
Research and Development,NYSE,479,L,Zora,Shillinglaw,Assistant Media Planner,PL,20
Research and Development,NASDAQ,358,XS,Antoinette,Birtonshaw,Database Administrator III,PE,20
Research and Development,NASDAQ,128,XL,Thurston,Boyett,Payment Adjustment Coordinator,PH,20
Research and Development,NASDAQ,341,M,Marlowe,Zavattari,Analog Circuit Design manager,CN,20
Research and Development,NASDAQ,241,3XL,Alyda,Bastow,Senior Editor,US,21
Research and Development,NASDAQ,263,XS,Drusilla,Westhofer,Account Executive,JP,20
Research and Development,NASDAQ,186,3XL,Aloin,Valasek,Legal Assistant,VE,20
Research and Development,NYSE,220,3XL,Barnie,Deveral,Food Chemist,US,20
Research and Development,NASDAQ,352,3XL,Emmerich,Lockley,Account Coordinator,RS,20
Research and Development,NYSE,400,M,Veriee,Gutcher,Payment Adjustment Coordinator,CN,20
Research and Development,NASDAQ,330,M,Binny,Egentan,Tax Accountant,CN,20
Research and Development,NASDAQ,494,XL,Jacklyn,Maypowder,Research Associate,ID,21
Research and Development,NYSE,286,3XL,Elyssa,Jefferd,Environmental Tech,PL,20
Research and Development,NYSE,323,S,Mona,Elias,Sales Representative,CN,20
Research and Development,NYSE,407,3XL,Aldwin,Coupe,Marketing Assistant,RU,21
Research and Development,NYSE,183,2XL,Nikki,Colnet,Social Worker,US,21
Research and Development,NASDAQ,447,3XL,Heinrik,Gawith,Director of Sales,GR,20
Research and Development,NASDAQ,349,L,Fernandina,Zoellner,Quality Control Specialist,BR,20
Research and Development,NASDAQ,436,S,Lea,Guirau,Senior Sales Associate,CN,21
Research and Development,NASDAQ,259,L,Alene,Larchiere,Budget/Accounting Analyst III,RU,21
Research and Development,NYSE,152,XL,Dona,Tregiddo,Actuary,CN,21
Research and Development,NYSE,389,XL,Livvy,Izkovitz,Research Assistant II,NA,20
Research and Development,NASDAQ,298,2XL,Wilona,Siddons,Geological Engineer,CN,20
Research and Development,NYSE,271,3XL,Fran,Gairdner,Computer Systems Analyst IV,RU,20
Research and Development,NASDAQ,220,2XL,Luke,Doucette,Engineer III,FI,20
Research and Development,NASDAQ,342,XL,Neddy,Bordone,Human Resources Assistant III,US,21
Research and Development,NYSE,383,3XL,Ely,Kitcher,Software Test Engineer IV,CN,21
Research and Development,NASDAQ,487,XS,Darline,Jarrell,Professor,UA,20
Research and Development,NASDAQ,116,L,Dollie,Folan,Assistant Professor,AR,20
Research and Development,NYSE,174,3XL,Anderea,Brooksbank,Marketing Assistant,CN,20
Research and Development,NYSE,445,XS,Amalee,Beuscher,Payment Adjustment Coordinator,PE,20
Research and Development,NYSE,478,3XL,Dave,Cotesford,Editor,PH,20
Research and Development,NASDAQ,235,M,Harold,Simonel,Engineer III,CD,20
Research and Development,NYSE,288,3XL,Lise,Mathelin,VP Sales,CN,20
Research and Development,NASDAQ,386,3XL,Madelina,A'Barrow,Programmer IV,CZ,21
Research and Development,NASDAQ,400,XL,Miller,Maggorini,Structural Engineer,CN,21
Research and Development,NYSE,346,L,Evie,Kensett,Research Associate,ID,21
Research and Development,NYSE,341,S,Basilio,Gheorghie,Assistant Manager,CN,21
Research and Development,NYSE,406,S,Vinnie,Jancy,Staff Scientist,CL,21
Research and Development,NASDAQ,331,S,Stephanie,Maciak,Business Systems Development Analyst,ID,21
Research and Development,NASDAQ,240,3XL,Sophi,Derby,Administrative Officer,CN,20
Research and Development,NYSE,106,S,Harriot,Gwynne,Professor,CN,20
Research and Development,NASDAQ,406,S,Bevvy,Vlies,Geological Engineer,RU,21
Research and Development,NASDAQ,134,M,Laurent,Fermin,Chemical Engineer,DE,21
Research and Development,NASDAQ,437,3XL,Luella,Armit,Senior Cost Accountant,TH,21
Research and Development,NYSE,169,L,Merrill,Marwood,Dental Hygienist,TZ,21
Research and Development,NASDAQ,340,XS,Bernadina,Boyfield,Developer IV,AR,20
Research and Development,NASDAQ,176,S,Katti,Tittershill,VP Marketing,CO,20
Sales,NASDAQ,242,XS,Pippa,Mainston,Help Desk Operator,LV,21
Sales,NASDAQ,477,XS,Cynthie,Twitchings,Design Engineer,UY,21
Sales,NASDAQ,182,S,Joe,Rowlings,Senior Developer,PH,21
Sales,NYSE,123,M,Dominic,Avramovitz,Registered Nurse,CI,21
Sales,NASDAQ,457,M,Gran,Ianilli,Database Administrator III,PH,21
Sales,NYSE,247,2XL,Wake,Woollett,Speech Pathologist,PH,20
Sales,NYSE,165,L,Gabi,Caulket,Analyst Programmer,AL,21
Sales,NASDAQ,290,3XL,Portia,Swanton,Software Test Engineer II,CN,20
Sales,NYSE,464,XL,Rhiamon,Cawson,Nurse,CN,21
Sales,NYSE,240,M,Mariejeanne,Cristofol,Accountant IV,CN,21
Sales,NYSE,478,M,Worthy,Twitty,Paralegal,PE,20
Sales,NASDAQ,356,3XL,Celestina,Chettle,Safety Technician I,CF,20
Sales,NASDAQ,209,M,Gran,Riste,Software Test Engineer II,PL,21
Sales,NYSE,169,3XL,Durward,Gonsalvo,Chemical Engineer,NG,21
Sales,NYSE,235,L,Jillayne,Densham,Developer I,PL,21
Sales,NYSE,208,XL,Giffard,Scudamore,Research Associate,BR,21
Sales,NASDAQ,298,S,Ellerey,Driscoll,Safety Technician III,FR,20
Sales,NYSE,196,2XL,Sher,Jardine,Quality Control Specialist,MT,20
Sales,NASDAQ,333,XL,Juliana,Marvelley,Environmental Specialist,PT,21
Sales,NYSE,202,3XL,Anica,MacAlroy,Electrical Engineer,CN,21
Sales,NASDAQ,395,XS,Giacopo,McLagan,Research Nurse,PT,21
Sales,NASDAQ,414,XS,Aimil,MacKerley,Social Worker,NL,20
Sales,NASDAQ,119,XL,Lazare,Giametti,Teacher,CN,20
Sales,NASDAQ,459,XS,Cordelia,Krol,General Manager,IE,20
Sales,NASDAQ,121,3XL,Sephira,Wimsett,Occupational Therapist,KE,21
Sales,NYSE,263,S,Ailis,Drinkhall,Senior Editor,CN,21
Sales,NYSE,461,3XL,Norah,McOmish,Software Engineer IV,PT,21
Sales,NYSE,470,2XL,Ximenes,Munsey,Chief Design Engineer,ES,20
Sales,NASDAQ,333,3XL,Poul,Jupe,Professor,RU,21
Sales,NASDAQ,400,M,Vasilis,Hedin,Senior Cost Accountant,JP,20
Sales,NYSE,398,2XL,Concettina,Trevillion,Pharmacist,RU,20
Sales,NYSE,248,S,Terri-jo,Gollop,Software Test Engineer III,CZ,21
Sales,NASDAQ,290,M,Gusty,Wickmann,Electrical Engineer,PL,21
Sales,NYSE,310,L,Aguistin,Pero,Marketing Manager,CN,21
Sales,NYSE,122,XL,Ailey,Blemen,Food Chemist,CN,21
Sales,NYSE,232,XL,Linette,Scholler,Physical Therapy Assistant,PF,20
Sales,NASDAQ,195,3XL,Pamella,Ethridge,Internal Auditor,NZ,20
Sales,NASDAQ,245,XL,Brietta,Trineman,Recruiter,AZ,21
Sales,NYSE,311,M,Melisande,Umfrey,Administrative Officer,PL,20
Sales,NASDAQ,272,XS,Elly,Jansson,Analyst Programmer,IT,21
Sales,NYSE,129,L,Nanete,Walburn,Marketing Assistant,UA,20
Sales,NYSE,251,XL,Allan,Eastes,Health Coach I,AR,20
Sales,NASDAQ,367,L,Annadiane,Crannis,Accountant I,RU,20
Sales,NYSE,132,XL,Devlen,Mathivon,General Manager,ID,21
Sales,NASDAQ,499,XS,Valida,Hanington,Senior Sales Associate,UA,21
Sales,NASDAQ,437,XL,Garik,Gabe,Social Worker,US,20
Sales,NASDAQ,438,L,Laurie,Ratnage,Senior Editor,TH,20
Sales,NYSE,457,L,Galven,Mills,Account Executive,ID,20
Sales,NASDAQ,225,XS,Teodoro,Kingsnode,Administrative Assistant IV,CN,21
Sales,NASDAQ,309,M,Mirilla,Perrott,Legal Assistant,NL,20
Sales,NASDAQ,160,3XL,Mano,Roon,Analyst Programmer,ET,21
Sales,NASDAQ,138,M,Victoir,Symms,Engineer I,ID,21
Sales,NASDAQ,141,3XL,Patric,Pyle,Health Coach II,PT,21
Sales,NYSE,358,3XL,Byran,Cordery,Desktop Support Technician,AR,20
Sales,NYSE,225,M,Allison,Faloon,Dental Hygienist,RU,20
Sales,NASDAQ,389,2XL,Wynne,McGonagle,Chief Design Engineer,JP,21
Sales,NYSE,132,S,Westbrooke,Shouler,Automation Specialist I,FI,21
Sales,NASDAQ,280,2XL,Alex,Labet,Computer Systems Analyst II,NG,20
Sales,NASDAQ,229,L,Shara,Glanert,Database Administrator II,CY,21
Sales,NASDAQ,443,M,Agustin,MacColl,Administrative Officer,UA,21
Sales,NASDAQ,234,M,Antonina,Ranklin,Budget/Accounting Analyst III,ID,21
Sales,NASDAQ,388,XS,Guido,Whitwham,Internal Auditor,PH,20
Sales,NASDAQ,244,3XL,Dacia,Lippingwell,Dental Hygienist,CN,21
Sales,NYSE,412,M,Cal,Shreeves,Web Developer I,PL,20
Sales,NASDAQ,496,XL,Kristofer,Ryde,Nurse,MA,20
Sales,NYSE,431,L,Rachael,Eykelbosch,Registered Nurse,FR,20
Sales,NYSE,433,S,Jennine,Hillen,Operator,CN,21
Sales,NASDAQ,235,M,Boyd,Bartolozzi,VP Product Management,RU,21
Sales,NASDAQ,136,XL,Rozella,Kiddy,Payment Adjustment Coordinator,IR,21
Sales,NYSE,167,S,Lyndel,Cescon,Dental Hygienist,CU,20
Sales,NASDAQ,365,M,Thorvald,Brownsworth,Web Designer II,GR,21
Sales,NYSE,368,M,Melantha,Tynan,Teacher,ID,21
Sales,NASDAQ,299,2XL,Thor,Tooting,Food Chemist,PL,20
Sales,NASDAQ,268,XL,Jaime,Benardeau,Senior Financial Analyst,KE,20
Sales,NYSE,355,XL,Dorree,Melledy,Internal Auditor,US,20
Sales,NASDAQ,257,XL,Magdaia,White,Administrative Assistant I,IE,20
Sales,NASDAQ,193,2XL,Barbette,Rooms,Tax Accountant,ID,21
Sales,NASDAQ,333,3XL,Avigdor,Cavy,Marketing Manager,FR,20
Sales,NYSE,173,XS,Pat,Royan,Senior Cost Accountant,BR,21
Services,NASDAQ,120,S,Reube,Bristo,Actuary,CO,21
Services,NYSE,264,XS,Zerk,Gobbett,Information Systems Manager,CN,21
Services,NASDAQ,320,M,Jane,Brandino,Tax Accountant,CN,20
Services,NYSE,348,2XL,Irwinn,Poller,Cost Accountant,RU,21
Services,NYSE,474,L,Mathew,Rossbrooke,Programmer Analyst IV,BO,21
Services,NASDAQ,266,2XL,Renee,Jakubovitch,Business Systems Development Analyst,JP,20
Services,NYSE,392,S,Cyrillus,Iacivelli,Assistant Professor,ID,20
Services,NASDAQ,500,XS,Marinna,Wartnaby,Chief Design Engineer,BO,20
Services,NYSE,106,XL,Diana,Ratie,Engineer IV,GR,21
Services,NASDAQ,432,3XL,Justine,Aubri,Civil Engineer,AR,20
Services,NYSE,429,2XL,Jeramie,MacDonogh,Environmental Specialist,RU,20
Services,NASDAQ,213,M,Willard,Neeves,Environmental Tech,SE,20
Services,NYSE,209,XS,Pier,Powelee,Executive Secretary,CZ,20
Services,NASDAQ,364,3XL,Rochette,Spark,Marketing Manager,VN,21
Services,NYSE,125,S,Abramo,Breakwell,Paralegal,RU,20
Services,NYSE,156,L,Shirl,Ortzen,Operator,TN,21
Services,NYSE,359,S,Quintus,Fewings,Technical Writer,ZA,20
Services,NASDAQ,388,XS,Zak,Weddeburn - Scrimgeour,Data Coordiator,CN,21
Services,NASDAQ,380,M,Morgun,Ilyenko,Safety Technician II,NL,21
Services,NYSE,328,L,Devonna,Gouldbourn,Business Systems Development Analyst,BR,20
Services,NASDAQ,368,2XL,Phillis,Adamovich,Administrative Officer,SV,20
Services,NYSE,308,L,Constantina,Hatchard,Software Test Engineer II,AR,21
Services,NASDAQ,418,XL,Wolfgang,Warde,Nurse,RE,21
Services,NYSE,392,3XL,Faythe,Foystone,Senior Financial Analyst,US,20
Services,NASDAQ,385,XS,Richard,Rizzi,Director of Sales,LT,20
Services,NYSE,134,XL,Ainsley,Kopp,Database Administrator III,ID,20
Services,NYSE,384,M,Cherry,Pretty,Occupational Therapist,RU,20
Services,NASDAQ,110,XS,Padraic,Goodlett,Community Outreach Specialist,CN,21
Services,NASDAQ,117,3XL,Dionysus,Ramos,Budget/Accounting Analyst II,ID,21
Services,NASDAQ,136,XL,Willetta,Bryns,Office Assistant III,GE,21
Services,NASDAQ,207,M,Paulo,Merwe,Dental Hygienist,AZ,21
Services,NYSE,209,S,Ricca,McQuillen,Structural Engineer,MV,21
Services,NASDAQ,375,M,Marion,Bale,Operator,RU,20
Services,NYSE,341,M,Dulcia,Layland,Product Engineer,US,21
Services,NYSE,339,XS,Dianemarie,Sandwich,Senior Editor,PT,20
Services,NASDAQ,263,S,Lucien,Langstone,Senior Developer,ID,21
Services,NYSE,486,L,Tore,Sim,Geologist IV,PL,20
Services,NYSE,253,L,Casi,Gillice,Account Coordinator,TH,20
Services,NYSE,170,S,Poul,Franzonetti,GIS Technical Architect,FR,20
Services,NYSE,398,L,Rory,Ubsdale,Food Chemist,JP,20
Services,NASDAQ,307,2XL,Sonnnie,Pauls,Research Associate,IE,21
Services,NYSE,308,2XL,Kyle,Sleet,Help Desk Operator,FR,21
Services,NYSE,336,S,Thekla,O'Cullen,Physical Therapy Assistant,CN,20
Services,NASDAQ,412,XS,Fanni,Davey,Financial Advisor,HR,20
Services,NYSE,205,M,Morganica,Biggen,Financial Advisor,KR,20
Services,NASDAQ,496,XL,Myrta,Fayter,Information Systems Manager,VN,21
Services,NYSE,394,M,Kareem,Bertson,Staff Scientist,BR,21
Services,NYSE,228,3XL,Lennard,Haxley,Help Desk Technician,MV,20
Services,NASDAQ,120,M,Christina,Hamstead,Systems Administrator II,TH,21
Services,NASDAQ,400,XS,Mathilda,Francesch,Computer Systems Analyst IV,MX,21
Services,NYSE,284,XL,Farra,Fragino,Geologist III,RU,21
Services,NYSE,340,M,Sindee,Portress,Systems Administrator II,CN,21
Services,NASDAQ,403,XL,Benito,Matschoss,Sales Representative,RU,20
Services,NYSE,324,S,Ofelia,Verrill,Software Test Engineer II,CA,20
Services,NYSE,489,2XL,Osborne,Trevaskiss,Electrical Engineer,BR,21
Services,NYSE,459,3XL,Joan,Fry,Marketing Assistant,PK,20
Services,NASDAQ,156,M,Natividad,Scurry,Dental Hygienist,BO,20
Services,NYSE,437,3XL,Husein,Loades,Accounting Assistant IV,ID,21
Services,NYSE,218,S,Arabel,Nobriga,Chemical Engineer,CN,21
Services,NASDAQ,152,XS,Lorenza,Andrichuk,Staff Accountant I,CN,20
Services,NYSE,448,2XL,Nisse,Martinson,Actuary,CN,20
Services,NASDAQ,120,2XL,Artemis,Pennock,Product Engineer,ID,20
Services,NYSE,316,3XL,Addison,Hegge,Safety Technician III,TH,21
Services,NASDAQ,421,XS,Vittorio,Clarson,Environmental Tech,UA,20
Services,NASDAQ,167,XS,Annabelle,Wilfinger,Account Representative IV,BR,21
Services,NASDAQ,148,3XL,Jose,Baysting,VP Accounting,ZW,21
Services,NYSE,160,3XL,Cornell,Rattray,Marketing Assistant,FR,21
Services,NYSE,180,S,Emilee,Armor,Chemical Engineer,HU,21
Services,NYSE,278,M,Gerri,De Mattia,Business Systems Development Analyst,HN,20
Services,NYSE,374,L,Lief,Learman,Operator,HR,20
Services,NASDAQ,150,M,Dianemarie,Lansly,Legal Assistant,PL,21
Services,NYSE,107,3XL,Mathilde,Caghan,Automation Specialist II,PS,21
Services,NYSE,426,2XL,Wolf,Wignall,Developer III,BG,21
Services,NYSE,228,XL,Mira,Petrasso,Computer Systems Analyst III,ID,21
Services,NASDAQ,144,S,Abagail,Jacobsohn,Web Designer III,ID,21
Services,NASDAQ,388,XL,Ellissa,Blancowe,Recruiter,MY,21
Services,NYSE,250,L,Brandtr,Kindred,Chief Design Engineer,BR,21
Services,NASDAQ,143,L,Tabitha,Acom,Systems Administrator I,ID,21
Services,NYSE,261,XS,Madelle,Dashkovich,Associate Professor,PT,21
Services,NYSE,173,XL,Isa,Jagger,Research Associate,CD,20
Services,NYSE,187,M,Arline,Baskeyfied,Electrical Engineer,KP,20
Services,NYSE,152,M,Fleur,Inkin,Systems Administrator IV,EG,20
Services,NYSE,125,2XL,Carita,McPhelimy,Sales Representative,FR,21
Services,NASDAQ,183,L,Donny,Viccars,Nurse Practicioner,CO,21
Services,NASDAQ,157,XL,Gizela,Pockey,Staff Accountant III,VN,20
Services,NASDAQ,429,3XL,Jorge,Minister,Pharmacist,ID,21
Services,NYSE,268,L,Ealasaid,Livesey,Programmer I,CN,21
Support,NASDAQ,170,M,Murdock,Diche,Media Manager III,RU,20
Support,NASDAQ,463,2XL,Tildie,Stalf,Assistant Media Planner,AU,20
Support,NYSE,158,XL,Pegeen,Rentilll,Actuary,CN,21
Support,NASDAQ,266,XL,Nert,Banaszkiewicz,Cost Accountant,AM,20
Support,NYSE,372,L,Maxie,Rumin,Geological Engineer,SE,20
Support,NYSE,275,L,Therese,Gowanson,Engineer I,MA,21
Support,NASDAQ,448,3XL,Margaretha,Lilley,Analyst Programmer,VN,20
Support,NASDAQ,291,3XL,Abagail,McNirlin,Environmental Tech,GR,21
Support,NASDAQ,436,L,Burg,Beddard,Financial Analyst,ID,20
Support,NASDAQ,391,L,Lyndell,Burgane,General Manager,CN,20
Support,NYSE,138,XS,Myranda,Vannini,Design Engineer,CN,20
Support,NASDAQ,459,3XL,Dulce,Esterbrook,Structural Engineer,NO,20
Support,NASDAQ,136,M,Geno,Ivanyutin,Dental Hygienist,CN,20
Support,NYSE,132,XS,Lilla,Ort,Help Desk Operator,BR,21
Support,NYSE,212,M,Nora,Disdel,Technical Writer,CN,20
Support,NYSE,480,L,Borden,Norquay,Software Engineer I,CN,21
Support,NASDAQ,200,2XL,Erastus,Blakemore,Software Engineer II,PH,20
Support,NASDAQ,435,S,Mack,Uman,Electrical Engineer,SE,20
Support,NYSE,345,L,Willyt,Palleske,GIS Technical Architect,CN,20
Support,NYSE,124,3XL,Olga,Roobottom,Engineer I,CO,20
Support,NYSE,325,2XL,Callie,Pacher,Assistant Professor,BR,20
Support,NASDAQ,169,3XL,Esther,Yurikov,VP Accounting,RU,20
Support,NASDAQ,273,S,Ramsay,Philipart,Analyst Programmer,SE,21
Support,NYSE,416,XL,Sabine,Tourle,Electrical Engineer,SE,21
Support,NYSE,390,L,Cullie,McGeachie,Account Representative II,AL,20
Support,NASDAQ,264,M,Ailbert,Dachey,Database Administrator IV,BR,20
Support,NYSE,134,M,Waldon,Wigg,Accounting Assistant II,US,20
Support,NASDAQ,358,L,Colline,Bursnell,Nurse Practicioner,KM,21
Support,NASDAQ,204,2XL,Genevra,Standell,Quality Engineer,ID,21
Support,NYSE,204,XL,Karoline,Forgie,Teacher,AZ,21
Support,NYSE,410,M,Guinevere,Longina,Occupational Therapist,ID,21
Support,NASDAQ,210,3XL,Steward,Itchingham,Product Engineer,PH,21
Support,NASDAQ,435,M,Noelani,Cleobury,Help Desk Operator,CN,21
Support,NYSE,267,3XL,Winni,Abson,Senior Developer,GH,21
Support,NYSE,398,2XL,Aurelia,Troman,Director of Sales,JP,20
Support,NASDAQ,405,2XL,Les,Traut,Financial Advisor,SI,20
Support,NASDAQ,120,S,Zelma,Spears,Senior Developer,ID,20
Support,NASDAQ,442,XS,Cornie,Gunderson,Information Systems Manager,BR,21
Support,NASDAQ,202,M,Ham,Kopfen,Web Developer I,CN,20
Support,NASDAQ,361,2XL,Danni,Buttle,Legal Assistant,CN,21
Support,NYSE,297,M,Goraud,Larrosa,Media Manager II,GR,21
Support,NYSE,233,S,Madge,Vincent,Tax Accountant,NO,20
Support,NASDAQ,278,XL,Brittani,Tant,Analog Circuit Design manager,PH,21
Support,NASDAQ,106,S,Marlowe,Eccleshall,Chemical Engineer,CN,21
Support,NASDAQ,500,M,Maddalena,Folcarelli,Associate Professor,UG,20
Support,NYSE,179,M,Blondie,Graysmark,Cost Accountant,CN,21
Support,NYSE,276,S,Andy,McBlain,Civil Engineer,MX,20
Support,NASDAQ,425,S,Barnabe,Hardstaff,Sales Associate,BA,20
Support,NASDAQ,426,L,Selby,Barnard,Occupational Therapist,BR,20
Support,NASDAQ,462,M,Matthias,Carnduff,Clinical Specialist,ID,20
Support,NASDAQ,331,XL,Hayley,McNiven,Associate Professor,CN,21
Support,NASDAQ,276,2XL,Farley,Ogbourne,Health Coach I,ID,20
Support,NYSE,418,S,Demetri,McNelly,Analog Circuit Design manager,MK,21
Support,NASDAQ,161,2XL,Tomaso,Servis,Dental Hygienist,PH,20
Support,NYSE,351,2XL,Sibby,Eakin,Senior Developer,CN,20
Support,NYSE,371,XL,Maxy,Cawdell,Analog Circuit Design manager,PT,21
Support,NYSE,200,M,Field,Appleyard,Executive Secretary,TH,21
Support,NASDAQ,127,XL,Cully,Sumers,Junior Executive,RU,20
Support,NYSE,168,2XL,Elora,Georgiev,Payment Adjustment Coordinator,PA,21
Support,NASDAQ,417,L,Gerik,Linay,Speech Pathologist,PE,21
Support,NASDAQ,353,S,Austina,Saylor,Biostatistician II,NL,20
Support,NASDAQ,201,2XL,Allison,Jakoubek,Recruiting Manager,BA,21
Support,NYSE,440,M,Sibilla,Trinbey,GIS Technical Architect,BO,21
Support,NYSE,180,M,Oswell,Harman,Graphic Designer,PS,21
Support,NYSE,307,3XL,Koren,Levin,Dental Hygienist,US,20
Support,NYSE,189,S,Olimpia,Guerri,Assistant Manager,CO,21
Support,NYSE,353,XS,Zarah,Drysdall,VP Marketing,CN,21
Support,NYSE,177,2XL,Rica,Storks,Programmer III,RU,21
Support,NYSE,190,2XL,Thorstein,Scoble,Human Resources Assistant II,PS,21
Support,NYSE,239,S,Patrick,Boneham,Environmental Tech,UA,20
Support,NYSE,151,XS,Barnett,Robardet,Staff Scientist,CN,20
Support,NYSE,226,3XL,Brandtr,Biaggi,Civil Engineer,RU,21
Support,NYSE,219,S,Juditha,Staterfield,Assistant Manager,CN,21
Support,NASDAQ,344,2XL,Robb,Scroyton,Analyst Programmer,TH,21
Support,NYSE,112,2XL,Roosevelt,Saphin,Paralegal,ID,21
Support,NASDAQ,206,L,Xylina,Oliphard,Occupational Therapist,BR,21
Support,NASDAQ,205,XL,Madlen,McGarvie,Staff Accountant II,PH,20
Support,NASDAQ,373,S,Gerek,Rawle,Geologist II,FR,21
Training,NASDAQ,210,3XL,Mannie,Bolwell,Environmental Specialist,PA,21
Training,NASDAQ,495,3XL,Giustina,Hilling,Recruiting Manager,UA,20
Training,NYSE,430,XL,Cymbre,Thoms,Actuary,IR,20
Training,NASDAQ,160,2XL,Peder,Cressar,Paralegal,PT,21
Training,NASDAQ,105,L,Sally,Erridge,Cost Accountant,CN,21
Training,NASDAQ,497,3XL,Emalee,Hugonneau,Librarian,UY,21
Training,NYSE,269,L,Berry,Minchi,Senior Cost Accountant,ML,21
Training,NYSE,180,XS,Marigold,Sawl,Web Designer II,TH,20
Training,NYSE,190,3XL,Mariellen,Greenless,Executive Secretary,JP,21
Training,NYSE,132,XL,Graehme,Hardman,Research Associate,PK,20
Training,NYSE,293,XS,Stormi,Espadas,Graphic Designer,VN,20
Training,NYSE,432,S,Basile,Aulds,VP Product Management,JO,20
Training,NASDAQ,158,L,Carolyne,Bazoge,General Manager,CN,21
Training,NYSE,129,L,Teddy,Kunkler,VP Quality Control,RU,21
Training,NYSE,160,XL,Debera,Wales,Marketing Manager,BR,20
Training,NYSE,470,XL,Riva,Lain,Account Executive,PL,20
Training,NASDAQ,413,S,Obadias,Ganford,Actuary,AF,21
Training,NYSE,218,2XL,Kristy,Calterone,Dental Hygienist,NO,20
Training,NYSE,187,S,Sarge,Speeding,VP Sales,FR,20
Training,NYSE,245,M,Belicia,Fawltey,Software Engineer IV,HN,21
Training,NYSE,136,S,Tammy,McComish,Senior Cost Accountant,ID,20
Training,NASDAQ,322,S,Clareta,Corhard,Geological Engineer,TH,20
Training,NYSE,282,2XL,Kassia,Tomlett,VP Accounting,CR,21
Training,NASDAQ,111,3XL,Miguelita,Ickovits,Senior Quality Engineer,PT,20
Training,NASDAQ,383,XL,Isacco,Hards,Assistant Media Planner,SE,21
Training,NASDAQ,233,L,Prue,Woodyear,Accountant III,PL,21
Training,NYSE,165,M,Kory,Deniske,Financial Analyst,FR,21
Training,NYSE,200,XS,Pepillo,Glancey,Product Engineer,CN,21
Training,NYSE,212,L,Derk,Hunn,Chief Design Engineer,TH,21
Training,NYSE,392,3XL,Chrissy,Bilovsky,Automation Specialist II,UA,21
Training,NYSE,191,2XL,Helene,Yeend,Web Designer I,NI,21
Training,NASDAQ,403,L,Berky,Pickworth,Food Chemist,VE,21
Training,NYSE,300,3XL,Fred,Klamp,Media Manager I,PL,21
Training,NYSE,243,S,Crysta,Cavie,Senior Financial Analyst,PT,21
Training,NASDAQ,483,S,Cissiee,Lindfors,Staff Scientist,ID,21
Training,NYSE,436,3XL,Margarethe,Footer,Senior Quality Engineer,FR,21
Training,NYSE,333,3XL,Van,Prine,Product Engineer,SE,21
Training,NYSE,379,M,Ruttger,Radbourn,Junior Executive,GB,20
Training,NYSE,416,2XL,Janeta,Driffe,Engineer II,CN,20
Training,NYSE,461,XS,Terza,Grigoryov,Staff Scientist,SE,21
Training,NASDAQ,233,S,Angelina,Casaccio,Software Consultant,CN,20
Training,NASDAQ,198,XL,Dew,Defont,Chemical Engineer,MX,21
Training,NASDAQ,468,M,Arda,Dawltrey,Senior Sales Associate,PH,21
Training,NYSE,432,2XL,Chere,Rodda,Chemical Engineer,SI,20
Training,NYSE,420,XS,Phoebe,Puden,Account Executive,VN,20
Training,NYSE,283,M,Abigail,Philipps,Account Executive,ID,21
Training,NYSE,151,L,Archaimbaud,Robelow,Recruiting Manager,PH,21
Training,NYSE,377,2XL,Rose,Nichols,VP Accounting,CZ,20
Training,NYSE,475,XL,Tobiah,Glascott,Executive Secretary,BD,21
Training,NYSE,413,XL,Corella,Trousdell,Account Executive,HR,20
Training,NYSE,148,XL,Tatum,Stutard,Recruiting Manager,MD,21
Training,NYSE,455,S,Brendan,Howbrook,Database Administrator I,RU,21
Training,NYSE,334,XL,Adan,Yeomans,Professor,CN,20
Training,NYSE,445,XL,Brandice,Speeks,Nurse,FR,21
Training,NASDAQ,374,M,Ninetta,Grimes,Staff Scientist,PE,20
Training,NASDAQ,184,L,Denney,Van de Velde,Geological Engineer,CA,21
Training,NASDAQ,366,XL,Dolly,Sciacovelli,VP Product Management,BR,20
Training,NASDAQ,339,M,Montgomery,Elsay,Physical Therapy Assistant,GR,21
Training,NASDAQ,429,3XL,De,Davenhall,Sales Representative,CN,21
Training,NASDAQ,453,S,Gunner,Jodlowski,VP Product Management,ID,20
Training,NASDAQ,299,XS,Shelton,Tizzard,Clinical Specialist,BR,21
Training,NYSE,276,L,Fay,Berthelmot,Engineer IV,VN,20
Training,NASDAQ,377,S,Addy,Viollet,Web Developer II,FR,20
Training,NYSE,217,2XL,Nessa,Jime,Web Developer III,MM,21
Training,NYSE,360,3XL,Hal,Blumer,Staff Scientist,CN,21
Training,NYSE,144,2XL,Angil,MacGillespie,Mechanical Systems Engineer,AM,21
Training,NASDAQ,345,S,Patrizius,Santostefano.,Administrative Officer,ID,21
Training,NASDAQ,348,L,Tonia,Rioch,Information Systems Manager,ID,20
Training,NASDAQ,378,2XL,Pegeen,Knevit,Physical Therapy Assistant,CN,20
Training,NASDAQ,253,L,Wainwright,Glantz,Financial Analyst,ID,20
Training,NASDAQ,115,M,Rozele,Ceaser,Data Coordiator,FR,20
Training,NYSE,360,M,Howie,Blindermann,Human Resources Manager,CN,20
Training,NASDAQ,145,XL,Martino,Ditzel,Dental Hygienist,RU,21
Training,NASDAQ,444,XL,Geordie,Meddows,Legal Assistant,PE,20
Training,NYSE,306,L,Wash,Dowgill,Automation Specialist I,AF,20
Training,NASDAQ,210,M,Waldemar,Caveill,Database Administrator III,CZ,21
Training,NASDAQ,356,XL,Evaleen,Bummfrey,Actuary,CN,21
Training,NASDAQ,459,3XL,Darice,Pretley,Senior Quality Engineer,BR,20
Training,NYSE,167,L,Heda,Lancetter,Systems Administrator IV,PL,21
Training,NYSE,280,XL,Andree,Camden,Occupational Therapist,ID,20
Training,NYSE,413,M,Cchaddie,East,Statistician IV,ID,20
Training,NYSE,291,XL,Riva,Caddick,Compensation Analyst,RU,21
Training,NASDAQ,187,XL,Bordie,Winterflood,Financial Advisor,ID,21
Training,NYSE,264,M,Humbert,Paulitschke,Product Engineer,PH,21
Training,NASDAQ,216,M,Vail,Killiam,Quality Engineer,JP,20
Training,NYSE,103,S,Allyson,Gregoriou,Tax Accountant,CG,20
Training,NYSE,414,L,Liliane,Hessentaler,Staff Accountant IV,HR,21
Training,NYSE,118,S,Ignatius,Henningham,Developer III,CA,21
Training,NASDAQ,184,XS,Babs,Stiell,VP Product Management,CO,20
